﻿<?xml version="1.0" encoding="utf-8"?>
<device type="com.fibaro.developer.angelz.ChauffageLinknx" baseType="com.fibaro.setPoint">
  <interfaces/>
  <properties>
    <property name="ip_nodejs" type="string"/>
    <property name="port_nodejs" type="string"/>
    <property name="id_linknx_mode" type="string"/>
    <property name="id_linknx_demande_consigne" type="string"/>
    <property name="id_linknx_actuel_consigne" type="string"/>
    <property name="id_linknx_temp_local" type="string"/>
    <property name="configured" type="bool"/>
    <property name="deviceIcon" type="string">
        <default>71</default>
    </property>
  </properties>
  <actions>
    <action name="change_val" argc="3"/>
    <action name="receive_data" argc="3"/>
  </actions>
  <events/>
</device>